matrix, nz, time_serial, speedup_csr, speedup_hll, nThreads
cage4, 49, 0.000070, 0.206795, 0.168848, 1
cage4, 49, 0.000070, 0.063003, 0.051897, 2
cage4, 49, 0.000070, 0.022869, 0.016174, 3
cage4, 49, 0.000070, 0.020221, 0.016226, 4
cage4, 49, 0.000070, 0.017479, 0.016406, 5
cage4, 49, 0.000070, 0.013710, 0.013111, 6
cage4, 49, 0.000070, 0.016954, 0.012592, 7
cage4, 49, 0.000070, 0.016484, 0.010560, 8
cage4, 49, 0.000070, 0.013307, 0.010997, 9
cage4, 49, 0.000070, 0.014056, 0.011513, 10
cage4, 49, 0.000070, 0.012028, 0.010161, 11
cage4, 49, 0.000070, 0.013599, 0.009165, 12
cage4, 49, 0.000070, 0.011802, 0.008875, 13
cage4, 49, 0.000070, 0.009496, 0.006889, 14
cage4, 49, 0.000070, 0.009291, 0.006783, 15
cage4, 49, 0.000070, 0.009668, 0.008406, 16
cage4, 49, 0.000070, 0.010736, 0.007856, 17
cage4, 49, 0.000070, 0.010599, 0.008310, 18
cage4, 49, 0.000070, 0.010597, 0.006572, 19
cage4, 49, 0.000070, 0.010228, 0.007619, 20
cage4, 49, 0.000070, 0.008980, 0.006388, 21
cage4, 49, 0.000070, 0.006956, 0.005512, 22
cage4, 49, 0.000070, 0.009027, 0.007503, 23
cage4, 49, 0.000070, 0.008353, 0.006947, 24
cage4, 49, 0.000070, 0.006480, 0.005398, 25
cage4, 49, 0.000070, 0.008171, 0.005828, 26
cage4, 49, 0.000070, 0.007903, 0.006609, 27
cage4, 49, 0.000070, 0.007783, 0.006483, 28
cage4, 49, 0.000070, 0.007639, 0.006345, 29
cage4, 49, 0.000070, 0.005842, 0.004892, 30
cage4, 49, 0.000070, 0.005757, 0.004486, 31
cage4, 49, 0.000070, 0.007309, 0.006312, 32
cage4, 49, 0.000070, 0.005673, 0.004678, 33
cage4, 49, 0.000070, 0.006737, 0.005843, 34
cage4, 49, 0.000070, 0.006815, 0.005994, 35
cage4, 49, 0.000070, 0.006434, 0.005253, 36
cage4, 49, 0.000070, 0.005352, 0.004685, 37
cage4, 49, 0.000070, 0.006488, 0.005686, 38
cage4, 49, 0.000070, 0.006559, 0.005190, 39
cage4, 49, 0.000070, 0.006187, 0.002692, 40
mhda416, 8562, 0.009094, 0.962352, 0.552749, 1
mhda416, 8562, 0.009094, 1.693954, 0.919841, 2
mhda416, 8562, 0.009094, 0.904556, 0.771691, 3
mhda416, 8562, 0.009094, 1.864264, 1.078620, 4
mhda416, 8562, 0.009094, 2.185735, 1.115697, 5
mhda416, 8562, 0.009094, 1.821591, 1.077640, 6
mhda416, 8562, 0.009094, 1.936008, 1.020225, 7
mhda416, 8562, 0.009094, 1.890376, 1.180096, 8
mhda416, 8562, 0.009094, 1.951651, 0.857295, 9
mhda416, 8562, 0.009094, 1.672684, 0.932330, 10
mhda416, 8562, 0.009094, 1.720700, 0.789563, 11
mhda416, 8562, 0.009094, 1.549380, 0.730567, 12
mhda416, 8562, 0.009094, 1.349937, 0.781995, 13
mhda416, 8562, 0.009094, 1.633720, 0.780353, 14
mhda416, 8562, 0.009094, 1.485366, 0.828615, 15
mhda416, 8562, 0.009094, 1.400661, 0.759667, 16
mhda416, 8562, 0.009094, 1.495438, 0.806630, 17
mhda416, 8562, 0.009094, 1.348083, 0.630699, 18
mhda416, 8562, 0.009094, 1.294464, 0.727399, 19
mhda416, 8562, 0.009094, 1.304525, 0.695420, 20
mhda416, 8562, 0.009094, 1.102552, 0.585983, 21
mhda416, 8562, 0.009094, 0.882950, 0.563577, 22
mhda416, 8562, 0.009094, 0.819267, 0.561970, 23
mhda416, 8562, 0.009094, 0.992713, 0.563382, 24
mhda416, 8562, 0.009094, 0.822023, 0.513474, 25
mhda416, 8562, 0.009094, 0.993579, 0.592802, 26
mhda416, 8562, 0.009094, 0.979231, 0.543292, 27
mhda416, 8562, 0.009094, 0.991692, 0.587756, 28
mhda416, 8562, 0.009094, 0.759951, 0.488315, 29
mhda416, 8562, 0.009094, 0.983474, 0.568669, 30
mhda416, 8562, 0.009094, 0.912809, 0.589659, 31
mhda416, 8562, 0.009094, 0.951618, 0.574043, 32
mhda416, 8562, 0.009094, 0.861044, 0.554514, 33
mhda416, 8562, 0.009094, 0.726671, 0.493859, 34
mhda416, 8562, 0.009094, 0.679703, 0.497559, 35
mhda416, 8562, 0.009094, 0.851100, 0.539915, 36
mhda416, 8562, 0.009094, 0.665459, 0.471423, 37
mhda416, 8562, 0.009094, 0.833867, 0.582722, 38
mhda416, 8562, 0.009094, 0.742611, 0.497809, 39
mhda416, 8562, 0.009094, 0.833735, 0.537753, 40
mcfe, 24382, 0.028603, 0.991284, 0.487119, 1
mcfe, 24382, 0.028603, 1.839486, 0.955449, 2
mcfe, 24382, 0.028603, 1.824217, 1.129857, 3
mcfe, 24382, 0.028603, 2.814545, 1.558994, 4
mcfe, 24382, 0.028603, 3.124160, 1.753383, 5
mcfe, 24382, 0.028603, 3.358166, 1.879833, 6
mcfe, 24382, 0.028603, 3.660949, 2.024000, 7
mcfe, 24382, 0.028603, 3.421046, 1.952593, 8
mcfe, 24382, 0.028603, 3.425682, 2.109116, 9
mcfe, 24382, 0.028603, 3.671485, 2.204831, 10
mcfe, 24382, 0.028603, 3.843125, 2.115322, 11
mcfe, 24382, 0.028603, 3.721490, 2.208287, 12
mcfe, 24382, 0.028603, 3.512733, 2.130939, 13
mcfe, 24382, 0.028603, 3.494756, 1.981671, 14
mcfe, 24382, 0.028603, 3.013735, 1.782366, 15
mcfe, 24382, 0.028603, 3.036687, 1.757158, 16
mcfe, 24382, 0.028603, 2.937086, 1.681954, 17
mcfe, 24382, 0.028603, 2.684303, 1.565949, 18
mcfe, 24382, 0.028603, 2.767337, 1.581086, 19
mcfe, 24382, 0.028603, 2.695837, 1.487243, 20
mcfe, 24382, 0.028603, 2.497832, 1.479019, 21
mcfe, 24382, 0.028603, 2.534115, 1.428682, 22
mcfe, 24382, 0.028603, 2.949611, 1.555651, 23
mcfe, 24382, 0.028603, 2.375301, 1.315198, 24
mcfe, 24382, 0.028603, 2.992796, 1.510122, 25
mcfe, 24382, 0.028603, 2.229293, 1.347243, 26
mcfe, 24382, 0.028603, 2.158643, 1.305397, 27
mcfe, 24382, 0.028603, 2.827631, 1.482406, 28
mcfe, 24382, 0.028603, 2.597995, 1.382193, 29
mcfe, 24382, 0.028603, 2.116605, 1.332798, 30
mcfe, 24382, 0.028603, 2.145561, 1.265633, 31
mcfe, 24382, 0.028603, 2.106014, 1.268584, 32
mcfe, 24382, 0.028603, 2.007660, 1.237933, 33
mcfe, 24382, 0.028603, 2.097051, 1.228862, 34
mcfe, 24382, 0.028603, 2.553164, 1.387605, 35
mcfe, 24382, 0.028603, 2.012415, 1.176333, 36
mcfe, 24382, 0.028603, 2.155950, 1.273590, 37
mcfe, 24382, 0.028603, 1.810184, 1.143583, 38
mcfe, 24382, 0.028603, 1.916795, 1.162780, 39
mcfe, 24382, 0.028603, 2.214257, 1.326732, 40
olm1000, 3996, 0.004041, 0.909145, 0.479255, 1
olm1000, 3996, 0.004041, 1.357289, 0.746277, 2
olm1000, 3996, 0.004041, 0.604705, 0.643553, 3
olm1000, 3996, 0.004041, 1.088255, 0.616424, 4
olm1000, 3996, 0.004041, 1.088037, 0.572689, 5
olm1000, 3996, 0.004041, 0.989266, 0.530761, 6
olm1000, 3996, 0.004041, 0.909326, 0.469463, 7
olm1000, 3996, 0.004041, 0.931464, 0.488732, 8
olm1000, 3996, 0.004041, 0.953496, 0.428753, 9
olm1000, 3996, 0.004041, 0.708816, 0.354837, 10
olm1000, 3996, 0.004041, 0.644758, 0.299902, 11
olm1000, 3996, 0.004041, 0.686320, 0.295633, 12
olm1000, 3996, 0.004041, 0.603363, 0.286783, 13
olm1000, 3996, 0.004041, 0.568442, 0.251706, 14
olm1000, 3996, 0.004041, 0.649048, 0.323570, 15
olm1000, 3996, 0.004041, 0.697980, 0.311558, 16
olm1000, 3996, 0.004041, 0.607971, 0.273666, 17
olm1000, 3996, 0.004041, 0.620701, 0.258643, 18
olm1000, 3996, 0.004041, 0.583599, 0.245036, 19
olm1000, 3996, 0.004041, 0.594702, 0.247152, 20
olm1000, 3996, 0.004041, 0.587497, 0.242154, 21
olm1000, 3996, 0.004041, 0.437941, 0.237872, 22
olm1000, 3996, 0.004041, 0.345883, 0.186078, 23
olm1000, 3996, 0.004041, 0.446924, 0.220942, 24
olm1000, 3996, 0.004041, 0.343621, 0.176046, 25
olm1000, 3996, 0.004041, 0.453598, 0.216969, 26
olm1000, 3996, 0.004041, 0.434147, 0.205998, 27
olm1000, 3996, 0.004041, 0.338602, 0.175627, 28
olm1000, 3996, 0.004041, 0.331143, 0.168299, 29
olm1000, 3996, 0.004041, 0.445434, 0.195330, 30
olm1000, 3996, 0.004041, 0.409987, 0.186314, 31
olm1000, 3996, 0.004041, 0.408953, 0.185838, 32
olm1000, 3996, 0.004041, 0.396508, 0.185584, 33
olm1000, 3996, 0.004041, 0.376327, 0.187968, 34
olm1000, 3996, 0.004041, 0.299984, 0.154035, 35
olm1000, 3996, 0.004041, 0.377722, 0.176696, 36
olm1000, 3996, 0.004041, 0.299758, 0.150396, 37
olm1000, 3996, 0.004041, 0.358635, 0.169128, 38
olm1000, 3996, 0.004041, 0.369582, 0.168237, 39
olm1000, 3996, 0.004041, 0.299403, 0.149046, 40
adder_dcop_32, 11246, 0.018414, 0.964281, 0.290549, 1
adder_dcop_32, 11246, 0.018414, 2.102186, 0.426047, 2
adder_dcop_32, 11246, 0.018414, 1.166425, 0.495691, 3
adder_dcop_32, 11246, 0.018414, 3.054708, 0.571176, 4
adder_dcop_32, 11246, 0.018414, 3.350431, 0.567967, 5
adder_dcop_32, 11246, 0.018414, 3.415544, 0.580328, 6
adder_dcop_32, 11246, 0.018414, 3.804703, 0.578518, 7
adder_dcop_32, 11246, 0.018414, 3.424610, 0.588867, 8
adder_dcop_32, 11246, 0.018414, 2.910671, 0.562308, 9
adder_dcop_32, 11246, 0.018414, 3.507055, 0.569533, 10
adder_dcop_32, 11246, 0.018414, 3.091243, 0.567575, 11
adder_dcop_32, 11246, 0.018414, 3.087201, 0.555058, 12
adder_dcop_32, 11246, 0.018414, 3.000334, 0.545861, 13
adder_dcop_32, 11246, 0.018414, 2.410472, 0.515768, 14
adder_dcop_32, 11246, 0.018414, 2.614639, 0.492213, 15
adder_dcop_32, 11246, 0.018414, 2.414314, 0.497412, 16
adder_dcop_32, 11246, 0.018414, 2.277980, 0.470376, 17
adder_dcop_32, 11246, 0.018414, 2.146285, 0.455182, 18
adder_dcop_32, 11246, 0.018414, 1.987810, 0.433981, 19
adder_dcop_32, 11246, 0.018414, 1.783614, 0.432228, 20
adder_dcop_32, 11246, 0.018414, 1.698909, 0.421417, 21
adder_dcop_32, 11246, 0.018414, 2.124223, 0.419671, 22
adder_dcop_32, 11246, 0.018414, 2.124309, 0.442343, 23
adder_dcop_32, 11246, 0.018414, 1.609215, 0.408386, 24
adder_dcop_32, 11246, 0.018414, 2.054170, 0.418268, 25
adder_dcop_32, 11246, 0.018414, 1.599034, 0.369250, 26
adder_dcop_32, 11246, 0.018414, 1.574092, 0.367823, 27
adder_dcop_32, 11246, 0.018414, 1.518250, 0.348520, 28
adder_dcop_32, 11246, 0.018414, 1.855567, 0.331695, 29
adder_dcop_32, 11246, 0.018414, 1.585815, 0.312920, 30
adder_dcop_32, 11246, 0.018414, 1.465188, 0.308763, 31
adder_dcop_32, 11246, 0.018414, 1.527442, 0.308709, 32
adder_dcop_32, 11246, 0.018414, 1.449739, 0.321434, 33
adder_dcop_32, 11246, 0.018414, 1.774267, 0.299292, 34
adder_dcop_32, 11246, 0.018414, 1.667263, 0.291348, 35
adder_dcop_32, 11246, 0.018414, 1.419490, 0.285261, 36
adder_dcop_32, 11246, 0.018414, 1.590186, 0.292910, 37
adder_dcop_32, 11246, 0.018414, 1.357739, 0.268290, 38
adder_dcop_32, 11246, 0.018414, 1.360780, 0.294314, 39
adder_dcop_32, 11246, 0.018414, 1.368698, 0.263768, 40
west2021, 7353, 0.007856, 0.915454, 0.277561, 1
west2021, 7353, 0.007856, 1.602532, 0.510166, 2
west2021, 7353, 0.007856, 0.799269, 0.572011, 3
west2021, 7353, 0.007856, 1.510045, 0.650788, 4
west2021, 7353, 0.007856, 1.624679, 0.631632, 5
west2021, 7353, 0.007856, 1.615754, 0.732332, 6
west2021, 7353, 0.007856, 1.666084, 0.703938, 7
west2021, 7353, 0.007856, 1.473690, 0.686330, 8
west2021, 7353, 0.007856, 1.296524, 0.553444, 9
west2021, 7353, 0.007856, 1.512523, 0.643281, 10
west2021, 7353, 0.007856, 1.482080, 0.601545, 11
west2021, 7353, 0.007856, 1.336824, 0.563167, 12
west2021, 7353, 0.007856, 1.363138, 0.514778, 13
west2021, 7353, 0.007856, 1.018695, 0.420225, 14
west2021, 7353, 0.007856, 0.994356, 0.390384, 15
west2021, 7353, 0.007856, 0.941151, 0.374113, 16
west2021, 7353, 0.007856, 0.941598, 0.362794, 17
west2021, 7353, 0.007856, 0.886965, 0.337813, 18
west2021, 7353, 0.007856, 0.864515, 0.327125, 19
west2021, 7353, 0.007856, 0.808121, 0.334704, 20
west2021, 7353, 0.007856, 0.777832, 0.310880, 21
west2021, 7353, 0.007856, 0.942265, 0.381144, 22
west2021, 7353, 0.007856, 0.919619, 0.366685, 23
west2021, 7353, 0.007856, 0.709324, 0.294416, 24
west2021, 7353, 0.007856, 0.954223, 0.332773, 25
west2021, 7353, 0.007856, 0.674611, 0.283784, 26
west2021, 7353, 0.007856, 0.691815, 0.283000, 27
west2021, 7353, 0.007856, 0.676487, 0.291284, 28
west2021, 7353, 0.007856, 0.902148, 0.324385, 29
west2021, 7353, 0.007856, 0.654738, 0.257354, 30
west2021, 7353, 0.007856, 0.642737, 0.266814, 31
west2021, 7353, 0.007856, 0.636784, 0.254377, 32
west2021, 7353, 0.007856, 0.611824, 0.245496, 33
west2021, 7353, 0.007856, 0.740850, 0.292120, 34
west2021, 7353, 0.007856, 0.724574, 0.279738, 35
west2021, 7353, 0.007856, 0.565170, 0.228161, 36
west2021, 7353, 0.007856, 0.710980, 0.280952, 37
west2021, 7353, 0.007856, 0.540232, 0.225072, 38
west2021, 7353, 0.007856, 0.568502, 0.225621, 39
west2021, 7353, 0.007856, 0.556362, 0.228866, 40
cavity10, 76367, 0.073276, 0.954877, 0.365276, 1
cavity10, 76367, 0.073276, 1.723298, 0.757968, 2
cavity10, 76367, 0.073276, 1.652368, 0.926655, 3
cavity10, 76367, 0.073276, 3.025037, 1.463904, 4
cavity10, 76367, 0.073276, 3.772888, 1.665294, 5
cavity10, 76367, 0.073276, 4.307698, 1.985661, 6
cavity10, 76367, 0.073276, 4.677952, 2.314077, 7
cavity10, 76367, 0.073276, 5.278031, 2.428682, 8
cavity10, 76367, 0.073276, 5.389466, 2.648086, 9
cavity10, 76367, 0.073276, 5.718428, 2.746873, 10
cavity10, 76367, 0.073276, 6.029823, 2.793831, 11
cavity10, 76367, 0.073276, 5.734046, 2.899403, 12
cavity10, 76367, 0.073276, 6.274985, 3.007068, 13
cavity10, 76367, 0.073276, 6.153004, 3.015154, 14
cavity10, 76367, 0.073276, 5.931488, 2.835014, 15
cavity10, 76367, 0.073276, 5.995409, 2.808014, 16
cavity10, 76367, 0.073276, 5.797262, 2.841544, 17
cavity10, 76367, 0.073276, 5.816150, 2.658584, 18
cavity10, 76367, 0.073276, 5.657013, 2.687326, 19
cavity10, 76367, 0.073276, 5.429343, 2.567451, 20
cavity10, 76367, 0.073276, 5.132931, 2.500214, 21
cavity10, 76367, 0.073276, 5.710988, 2.921554, 22
cavity10, 76367, 0.073276, 5.764155, 2.599282, 23
cavity10, 76367, 0.073276, 5.066258, 2.409557, 24
cavity10, 76367, 0.073276, 5.635649, 2.982345, 25
cavity10, 76367, 0.073276, 4.881219, 2.484753, 26
cavity10, 76367, 0.073276, 4.774388, 2.430694, 27
cavity10, 76367, 0.073276, 4.602361, 2.562977, 28
cavity10, 76367, 0.073276, 5.503455, 2.864109, 29
cavity10, 76367, 0.073276, 4.705615, 2.349195, 30
cavity10, 76367, 0.073276, 4.527303, 2.349193, 31
cavity10, 76367, 0.073276, 5.012686, 2.294690, 32
cavity10, 76367, 0.073276, 4.625861, 2.316289, 33
cavity10, 76367, 0.073276, 5.338354, 2.440471, 34
cavity10, 76367, 0.073276, 4.944214, 2.689425, 35
cavity10, 76367, 0.073276, 4.627153, 2.143998, 36
cavity10, 76367, 0.073276, 4.955261, 2.344978, 37
cavity10, 76367, 0.073276, 4.172102, 2.183477, 38
cavity10, 76367, 0.073276, 4.361153, 2.034892, 39
cavity10, 76367, 0.073276, 4.320003, 2.045396, 40
rdist2, 56934, 0.051898, 0.920186, 0.227819, 1
rdist2, 56934, 0.051898, 1.800294, 0.454541, 2
rdist2, 56934, 0.051898, 2.473036, 0.656019, 3
rdist2, 56934, 0.051898, 3.091174, 0.937235, 4
rdist2, 56934, 0.051898, 3.646862, 1.142107, 5
rdist2, 56934, 0.051898, 4.204205, 1.304218, 6
rdist2, 56934, 0.051898, 4.369521, 1.386810, 7
rdist2, 56934, 0.051898, 4.591573, 1.586355, 8
rdist2, 56934, 0.051898, 4.947994, 1.638248, 9
rdist2, 56934, 0.051898, 5.307135, 1.877484, 10
rdist2, 56934, 0.051898, 5.465263, 1.845656, 11
rdist2, 56934, 0.051898, 5.585197, 1.956990, 12
rdist2, 56934, 0.051898, 5.285715, 2.049310, 13
rdist2, 56934, 0.051898, 5.559884, 1.995220, 14
rdist2, 56934, 0.051898, 4.955011, 1.917060, 15
rdist2, 56934, 0.051898, 5.100563, 1.942281, 16
rdist2, 56934, 0.051898, 5.147882, 1.906936, 17
rdist2, 56934, 0.051898, 4.978385, 1.947019, 18
rdist2, 56934, 0.051898, 5.038295, 1.794321, 19
rdist2, 56934, 0.051898, 4.631259, 1.791261, 20
rdist2, 56934, 0.051898, 4.250195, 1.748242, 21
rdist2, 56934, 0.051898, 3.924016, 1.696208, 22
rdist2, 56934, 0.051898, 4.479227, 2.009756, 23
rdist2, 56934, 0.051898, 3.886061, 1.681388, 24
rdist2, 56934, 0.051898, 4.767256, 1.833463, 25
rdist2, 56934, 0.051898, 3.548485, 1.680460, 26
rdist2, 56934, 0.051898, 3.879926, 1.710352, 27
rdist2, 56934, 0.051898, 4.472360, 1.865625, 28
rdist2, 56934, 0.051898, 4.602466, 1.829986, 29
rdist2, 56934, 0.051898, 3.820559, 1.619054, 30
rdist2, 56934, 0.051898, 3.671919, 1.655246, 31
rdist2, 56934, 0.051898, 3.556530, 1.597011, 32
rdist2, 56934, 0.051898, 3.653934, 1.547560, 33
rdist2, 56934, 0.051898, 3.640619, 1.524907, 34
rdist2, 56934, 0.051898, 4.362244, 1.773541, 35
rdist2, 56934, 0.051898, 3.459507, 1.516739, 36
rdist2, 56934, 0.051898, 4.018341, 1.658073, 37
rdist2, 56934, 0.051898, 3.477795, 1.425080, 38
rdist2, 56934, 0.051898, 3.421963, 1.452532, 39
rdist2, 56934, 0.051898, 3.812769, 1.509005, 40
cant, 4007383, 4.762049, 1.001393, 0.478632, 1
cant, 4007383, 4.762049, 1.905380, 0.915625, 2
cant, 4007383, 4.762049, 2.751271, 1.117312, 3
cant, 4007383, 4.762049, 2.931213, 1.443277, 4
cant, 4007383, 4.762049, 4.097124, 1.791619, 5
cant, 4007383, 4.762049, 4.430151, 1.916177, 6
cant, 4007383, 4.762049, 4.571877, 2.333122, 7
cant, 4007383, 4.762049, 5.262958, 2.442522, 8
cant, 4007383, 4.762049, 6.119281, 2.506537, 9
cant, 4007383, 4.762049, 6.294721, 2.683031, 10
cant, 4007383, 4.762049, 6.558565, 2.563856, 11
cant, 4007383, 4.762049, 5.338909, 2.535065, 12
cant, 4007383, 4.762049, 7.164837, 2.842134, 13
cant, 4007383, 4.762049, 7.483963, 2.795512, 14
cant, 4007383, 4.762049, 7.586014, 2.966816, 15
cant, 4007383, 4.762049, 8.294476, 3.017731, 16
cant, 4007383, 4.762049, 8.702692, 2.996788, 17
cant, 4007383, 4.762049, 9.331388, 3.147948, 18
cant, 4007383, 4.762049, 10.444662, 3.160210, 19
cant, 4007383, 4.762049, 11.394275, 3.279386, 20
cant, 4007383, 4.762049, 8.947769, 2.997948, 21
cant, 4007383, 4.762049, 9.800969, 2.656728, 22
cant, 4007383, 4.762049, 12.524028, 5.050372, 23
cant, 4007383, 4.762049, 12.934936, 4.830290, 24
cant, 4007383, 4.762049, 12.606931, 4.828971, 25
cant, 4007383, 4.762049, 12.729225, 4.639177, 26
cant, 4007383, 4.762049, 12.812833, 4.696160, 27
cant, 4007383, 4.762049, 11.985790, 4.752227, 28
cant, 4007383, 4.762049, 13.135433, 4.622294, 29
cant, 4007383, 4.762049, 12.288070, 4.696066, 30
cant, 4007383, 4.762049, 12.078459, 4.859918, 31
cant, 4007383, 4.762049, 11.968681, 4.783954, 32
cant, 4007383, 4.762049, 12.537086, 4.808088, 33
cant, 4007383, 4.762049, 12.946402, 4.852639, 34
cant, 4007383, 4.762049, 13.792591, 4.868985, 35
cant, 4007383, 4.762049, 14.100886, 4.788738, 36
cant, 4007383, 4.762049, 14.245211, 4.781890, 37
cant, 4007383, 4.762049, 14.808331, 4.728177, 38
cant, 4007383, 4.762049, 15.048107, 4.968722, 39
cant, 4007383, 4.762049, 15.516410, 5.027811, 40
olafu, 1015156, 1.107123, 0.966486, 0.540864, 1
olafu, 1015156, 1.107123, 1.886148, 1.044712, 2
olafu, 1015156, 1.107123, 2.871449, 1.597302, 3
olafu, 1015156, 1.107123, 3.834007, 2.250207, 4
olafu, 1015156, 1.107123, 4.631894, 2.875401, 5
olafu, 1015156, 1.107123, 5.571630, 3.319259, 6
olafu, 1015156, 1.107123, 6.367425, 3.908974, 7
olafu, 1015156, 1.107123, 7.260093, 4.381119, 8
olafu, 1015156, 1.107123, 8.063494, 4.871548, 9
olafu, 1015156, 1.107123, 8.911498, 5.347463, 10
olafu, 1015156, 1.107123, 9.747756, 5.830446, 11
olafu, 1015156, 1.107123, 10.610198, 6.276117, 12
olafu, 1015156, 1.107123, 10.664847, 6.744645, 13
olafu, 1015156, 1.107123, 12.268333, 7.136402, 14
olafu, 1015156, 1.107123, 12.359065, 7.394235, 15
olafu, 1015156, 1.107123, 12.944952, 7.487744, 16
olafu, 1015156, 1.107123, 13.594656, 8.102225, 17
olafu, 1015156, 1.107123, 14.260104, 8.305140, 18
olafu, 1015156, 1.107123, 15.053861, 8.619951, 19
olafu, 1015156, 1.107123, 15.681711, 8.844895, 20
olafu, 1015156, 1.107123, 13.504147, 8.351739, 21
olafu, 1015156, 1.107123, 13.825747, 8.521615, 22
olafu, 1015156, 1.107123, 14.240433, 8.589041, 23
olafu, 1015156, 1.107123, 14.476091, 8.451019, 24
olafu, 1015156, 1.107123, 14.132906, 8.660358, 25
olafu, 1015156, 1.107123, 15.143499, 8.702740, 26
olafu, 1015156, 1.107123, 15.797852, 9.010542, 27
olafu, 1015156, 1.107123, 15.751883, 9.136362, 28
olafu, 1015156, 1.107123, 17.037377, 9.288006, 29
olafu, 1015156, 1.107123, 16.648625, 9.261154, 30
olafu, 1015156, 1.107123, 17.249498, 9.489785, 31
olafu, 1015156, 1.107123, 17.594054, 9.405472, 32
olafu, 1015156, 1.107123, 18.030586, 9.408738, 33
olafu, 1015156, 1.107123, 18.794884, 9.590844, 34
olafu, 1015156, 1.107123, 19.648589, 9.866155, 35
olafu, 1015156, 1.107123, 19.005707, 9.279280, 36
olafu, 1015156, 1.107123, 20.250907, 9.862584, 37
olafu, 1015156, 1.107123, 19.753977, 9.444268, 38
olafu, 1015156, 1.107123, 19.879847, 7.759796, 39
olafu, 1015156, 1.107123, 18.233985, 8.808863, 40
Cube_Coup_dt0, 127206144, 147.791437, 0.999434, 0.502315, 1
Cube_Coup_dt0, 127206144, 147.791437, 1.945556, 0.962027, 2
Cube_Coup_dt0, 127206144, 147.791437, 2.257701, 1.169590, 3
Cube_Coup_dt0, 127206144, 147.791437, 3.512114, 1.351262, 4
Cube_Coup_dt0, 127206144, 147.791437, 3.491717, 1.619752, 5
Cube_Coup_dt0, 127206144, 147.791437, 4.488949, 1.694444, 6
Cube_Coup_dt0, 127206144, 147.791437, 4.431302, 1.840341, 7
Cube_Coup_dt0, 127206144, 147.791437, 4.461622, 1.953198, 8
Cube_Coup_dt0, 127206144, 147.791437, 4.762142, 2.013027, 9
Cube_Coup_dt0, 127206144, 147.791437, 4.706780, 2.152865, 10
Cube_Coup_dt0, 127206144, 147.791437, 5.418415, 2.124607, 11
Cube_Coup_dt0, 127206144, 147.791437, 5.833998, 2.143090, 12
Cube_Coup_dt0, 127206144, 147.791437, 5.616324, 2.308949, 13
Cube_Coup_dt0, 127206144, 147.791437, 5.817134, 2.137094, 14
Cube_Coup_dt0, 127206144, 147.791437, 5.880546, 2.089932, 15
Cube_Coup_dt0, 127206144, 147.791437, 5.756556, 2.159426, 16
Cube_Coup_dt0, 127206144, 147.791437, 5.568886, 2.134899, 17
Cube_Coup_dt0, 127206144, 147.791437, 5.798312, 2.108655, 18
Cube_Coup_dt0, 127206144, 147.791437, 5.875211, 2.248489, 19
Cube_Coup_dt0, 127206144, 147.791437, 5.674549, 2.129814, 20
Cube_Coup_dt0, 127206144, 147.791437, 5.081596, 2.110243, 21
Cube_Coup_dt0, 127206144, 147.791437, 4.970104, 2.079409, 22
Cube_Coup_dt0, 127206144, 147.791437, 5.143070, 1.988062, 23
Cube_Coup_dt0, 127206144, 147.791437, 5.145747, 2.076736, 24
Cube_Coup_dt0, 127206144, 147.791437, 5.530765, 1.991701, 25
Cube_Coup_dt0, 127206144, 147.791437, 5.408042, 2.031650, 26
Cube_Coup_dt0, 127206144, 147.791437, 5.177328, 2.072826, 27
Cube_Coup_dt0, 127206144, 147.791437, 5.647025, 1.979626, 28
Cube_Coup_dt0, 127206144, 147.791437, 5.530160, 2.065502, 29
Cube_Coup_dt0, 127206144, 147.791437, 4.990915, 2.045187, 30
Cube_Coup_dt0, 127206144, 147.791437, 5.014717, 2.091141, 31
Cube_Coup_dt0, 127206144, 147.791437, 5.429208, 2.084700, 32
Cube_Coup_dt0, 127206144, 147.791437, 5.472601, 2.059331, 33
Cube_Coup_dt0, 127206144, 147.791437, 5.485038, 2.090785, 34
Cube_Coup_dt0, 127206144, 147.791437, 5.459621, 2.131952, 35
Cube_Coup_dt0, 127206144, 147.791437, 5.391739, 2.073900, 36
Cube_Coup_dt0, 127206144, 147.791437, 4.926670, 2.143322, 37
Cube_Coup_dt0, 127206144, 147.791437, 4.973441, 2.117219, 38
Cube_Coup_dt0, 127206144, 147.791437, 4.937229, 2.122902, 39
Cube_Coup_dt0, 127206144, 147.791437, 4.297336, 2.000571, 40
ML_Laplace, 27689972, 32.696698, 1.005672, 0.511815, 1
ML_Laplace, 27689972, 32.696698, 1.907503, 0.986498, 2
ML_Laplace, 27689972, 32.696698, 2.458905, 1.155186, 3
ML_Laplace, 27689972, 32.696698, 2.819817, 1.550422, 4
ML_Laplace, 27689972, 32.696698, 2.961047, 1.659534, 5
ML_Laplace, 27689972, 32.696698, 3.462370, 1.959355, 6
ML_Laplace, 27689972, 32.696698, 3.659405, 2.048440, 7
ML_Laplace, 27689972, 32.696698, 4.230317, 2.181993, 8
ML_Laplace, 27689972, 32.696698, 5.728239, 2.146594, 9
ML_Laplace, 27689972, 32.696698, 4.988474, 2.196342, 10
ML_Laplace, 27689972, 32.696698, 5.044634, 2.153459, 11
ML_Laplace, 27689972, 32.696698, 5.155498, 2.329231, 12
ML_Laplace, 27689972, 32.696698, 4.646425, 2.380671, 13
ML_Laplace, 27689972, 32.696698, 4.744829, 2.316395, 14
ML_Laplace, 27689972, 32.696698, 4.767953, 2.323480, 15
ML_Laplace, 27689972, 32.696698, 4.746687, 2.346495, 16
ML_Laplace, 27689972, 32.696698, 4.811849, 2.359293, 17
ML_Laplace, 27689972, 32.696698, 4.711362, 2.360181, 18
ML_Laplace, 27689972, 32.696698, 4.762624, 2.414255, 19
ML_Laplace, 27689972, 32.696698, 4.070471, 2.310286, 20
ML_Laplace, 27689972, 32.696698, 4.148291, 2.300749, 21
ML_Laplace, 27689972, 32.696698, 4.292063, 2.278521, 22
ML_Laplace, 27689972, 32.696698, 4.408939, 2.284993, 23
ML_Laplace, 27689972, 32.696698, 4.454689, 2.316926, 24
ML_Laplace, 27689972, 32.696698, 4.514808, 2.272375, 25
ML_Laplace, 27689972, 32.696698, 4.578449, 2.285554, 26
ML_Laplace, 27689972, 32.696698, 4.049498, 2.267831, 27
ML_Laplace, 27689972, 32.696698, 4.006548, 2.246980, 28
ML_Laplace, 27689972, 32.696698, 4.061795, 2.260642, 29
ML_Laplace, 27689972, 32.696698, 3.872128, 2.248460, 30
ML_Laplace, 27689972, 32.696698, 3.950617, 2.279304, 31
ML_Laplace, 27689972, 32.696698, 3.966998, 2.268397, 32
ML_Laplace, 27689972, 32.696698, 4.007469, 2.292502, 33
ML_Laplace, 27689972, 32.696698, 3.991844, 2.299984, 34
ML_Laplace, 27689972, 32.696698, 3.953820, 2.304749, 35
ML_Laplace, 27689972, 32.696698, 4.131155, 2.347742, 36
ML_Laplace, 27689972, 32.696698, 4.077206, 2.294365, 37
ML_Laplace, 27689972, 32.696698, 4.146594, 2.371082, 38
ML_Laplace, 27689972, 32.696698, 4.120448, 2.315638, 39
ML_Laplace, 27689972, 32.696698, 5.349177, 1.674515, 40
bcsstk17, 428650, 0.412562, 0.971339, 0.488610, 1
bcsstk17, 428650, 0.412562, 1.805033, 0.949334, 2
bcsstk17, 428650, 0.412562, 2.770774, 1.473303, 3
bcsstk17, 428650, 0.412562, 3.605881, 1.997117, 4
bcsstk17, 428650, 0.412562, 4.449060, 2.547646, 5
bcsstk17, 428650, 0.412562, 5.139785, 2.894657, 6
bcsstk17, 428650, 0.412562, 5.953261, 3.306813, 7
bcsstk17, 428650, 0.412562, 6.765749, 3.804435, 8
bcsstk17, 428650, 0.412562, 7.442253, 4.161856, 9
bcsstk17, 428650, 0.412562, 8.131708, 4.460396, 10
bcsstk17, 428650, 0.412562, 8.782609, 4.684325, 11
bcsstk17, 428650, 0.412562, 9.509842, 5.046184, 12
bcsstk17, 428650, 0.412562, 9.522015, 5.314391, 13
bcsstk17, 428650, 0.412562, 10.109417, 5.664415, 14
bcsstk17, 428650, 0.412562, 10.748712, 6.005690, 15
bcsstk17, 428650, 0.412562, 11.360636, 6.290722, 16
bcsstk17, 428650, 0.412562, 11.659978, 6.393854, 17
bcsstk17, 428650, 0.412562, 12.302737, 6.632871, 18
bcsstk17, 428650, 0.412562, 12.631315, 6.723725, 19
bcsstk17, 428650, 0.412562, 9.962209, 6.375134, 20
bcsstk17, 428650, 0.412562, 10.518943, 6.518105, 21
bcsstk17, 428650, 0.412562, 10.357862, 6.288815, 22
bcsstk17, 428650, 0.412562, 10.714421, 6.197668, 23
bcsstk17, 428650, 0.412562, 11.062464, 6.383892, 24
bcsstk17, 428650, 0.412562, 10.953385, 6.252092, 25
bcsstk17, 428650, 0.412562, 11.464630, 6.556225, 26
bcsstk17, 428650, 0.412562, 12.064157, 6.732524, 27
bcsstk17, 428650, 0.412562, 12.402306, 6.705621, 28
bcsstk17, 428650, 0.412562, 12.084553, 6.357414, 29
bcsstk17, 428650, 0.412562, 12.788830, 6.773379, 30
bcsstk17, 428650, 0.412562, 12.844061, 6.803108, 31
bcsstk17, 428650, 0.412562, 13.307156, 6.647530, 32
bcsstk17, 428650, 0.412562, 13.190150, 6.811686, 33
bcsstk17, 428650, 0.412562, 12.762128, 6.411161, 34
bcsstk17, 428650, 0.412562, 12.589020, 6.406224, 35
bcsstk17, 428650, 0.412562, 13.566791, 6.735492, 36
bcsstk17, 428650, 0.412562, 12.857836, 6.299601, 37
bcsstk17, 428650, 0.412562, 14.372068, 6.865096, 38
bcsstk17, 428650, 0.412562, 14.158921, 6.729514, 39
bcsstk17, 428650, 0.412562, 14.457093, 6.590118, 40
mac_econ_fwd500, 1273389, 1.590314, 0.992487, 0.166607, 1
mac_econ_fwd500, 1273389, 1.590314, 1.950119, 0.319911, 2
mac_econ_fwd500, 1273389, 1.590314, 3.353045, 0.363126, 3
mac_econ_fwd500, 1273389, 1.590314, 4.172581, 0.515614, 4
mac_econ_fwd500, 1273389, 1.590314, 5.648408, 0.618615, 5
mac_econ_fwd500, 1273389, 1.590314, 6.773625, 0.683413, 6
mac_econ_fwd500, 1273389, 1.590314, 8.008167, 0.745389, 7
mac_econ_fwd500, 1273389, 1.590314, 9.072232, 0.819744, 8
mac_econ_fwd500, 1273389, 1.590314, 10.053875, 0.864221, 9
mac_econ_fwd500, 1273389, 1.590314, 11.119011, 0.874443, 10
mac_econ_fwd500, 1273389, 1.590314, 12.076397, 0.947711, 11
mac_econ_fwd500, 1273389, 1.590314, 13.195949, 0.923534, 12
mac_econ_fwd500, 1273389, 1.590314, 13.176851, 0.961420, 13
mac_econ_fwd500, 1273389, 1.590314, 15.255385, 1.424803, 14
mac_econ_fwd500, 1273389, 1.590314, 15.460787, 1.488032, 15
mac_econ_fwd500, 1273389, 1.590314, 16.726673, 1.535435, 16
mac_econ_fwd500, 1273389, 1.590314, 11.041899, 1.354162, 17
mac_econ_fwd500, 1273389, 1.590314, 11.703042, 1.323864, 18
mac_econ_fwd500, 1273389, 1.590314, 10.869793, 1.392678, 19
mac_econ_fwd500, 1273389, 1.590314, 12.786576, 1.358396, 20
mac_econ_fwd500, 1273389, 1.590314, 13.453849, 1.402906, 21
mac_econ_fwd500, 1273389, 1.590314, 13.939185, 1.401334, 22
mac_econ_fwd500, 1273389, 1.590314, 14.473895, 1.446237, 23
mac_econ_fwd500, 1273389, 1.590314, 14.602643, 1.452691, 24
mac_econ_fwd500, 1273389, 1.590314, 14.396114, 1.482567, 25
mac_econ_fwd500, 1273389, 1.590314, 13.484628, 1.490426, 26
mac_econ_fwd500, 1273389, 1.590314, 13.332390, 1.504163, 27
mac_econ_fwd500, 1273389, 1.590314, 13.325481, 1.501053, 28
mac_econ_fwd500, 1273389, 1.590314, 14.827876, 1.565297, 29
mac_econ_fwd500, 1273389, 1.590314, 16.552337, 1.557291, 30
mac_econ_fwd500, 1273389, 1.590314, 17.665131, 1.607576, 31
mac_econ_fwd500, 1273389, 1.590314, 18.995737, 1.604953, 32
mac_econ_fwd500, 1273389, 1.590314, 20.060627, 1.634966, 33
mac_econ_fwd500, 1273389, 1.590314, 20.784432, 1.632472, 34
mac_econ_fwd500, 1273389, 1.590314, 19.377326, 1.675562, 35
mac_econ_fwd500, 1273389, 1.590314, 21.390414, 1.643594, 36
mac_econ_fwd500, 1273389, 1.590314, 21.906417, 1.684938, 37
mac_econ_fwd500, 1273389, 1.590314, 23.347971, 1.681553, 38
mac_econ_fwd500, 1273389, 1.590314, 23.762412, 1.703006, 39
mac_econ_fwd500, 1273389, 1.590314, 23.301900, 1.682582, 40
mhd4800a, 102252, 0.098366, 0.983186, 0.440415, 1
mhd4800a, 102252, 0.098366, 1.931263, 0.998073, 2
mhd4800a, 102252, 0.098366, 2.797124, 1.511750, 3
mhd4800a, 102252, 0.098366, 3.564665, 1.889246, 4
mhd4800a, 102252, 0.098366, 4.379142, 2.312174, 5
mhd4800a, 102252, 0.098366, 5.026699, 2.700621, 6
mhd4800a, 102252, 0.098366, 5.108542, 2.981063, 7
mhd4800a, 102252, 0.098366, 6.144361, 3.216372, 8
mhd4800a, 102252, 0.098366, 6.806303, 3.687735, 9
mhd4800a, 102252, 0.098366, 6.843026, 3.471075, 10
mhd4800a, 102252, 0.098366, 7.410504, 3.623022, 11
mhd4800a, 102252, 0.098366, 7.433805, 3.621450, 12
mhd4800a, 102252, 0.098366, 7.661623, 3.641321, 13
mhd4800a, 102252, 0.098366, 7.583698, 3.837433, 14
mhd4800a, 102252, 0.098366, 7.626920, 3.874594, 15
mhd4800a, 102252, 0.098366, 8.232178, 3.496027, 16
mhd4800a, 102252, 0.098366, 8.393855, 3.979405, 17
mhd4800a, 102252, 0.098366, 7.921020, 3.743448, 18
mhd4800a, 102252, 0.098366, 8.246077, 3.522001, 19
mhd4800a, 102252, 0.098366, 7.858972, 3.535532, 20
mhd4800a, 102252, 0.098366, 7.360334, 3.600697, 21
mhd4800a, 102252, 0.098366, 6.390921, 2.986170, 22
mhd4800a, 102252, 0.098366, 6.441758, 2.935963, 23
mhd4800a, 102252, 0.098366, 7.029258, 3.461409, 24
mhd4800a, 102252, 0.098366, 6.237830, 2.884632, 25
mhd4800a, 102252, 0.098366, 6.968527, 3.076554, 26
mhd4800a, 102252, 0.098366, 7.191667, 3.473153, 27
mhd4800a, 102252, 0.098366, 6.921071, 3.203170, 28
mhd4800a, 102252, 0.098366, 6.239710, 2.717586, 29
mhd4800a, 102252, 0.098366, 7.309448, 3.112942, 30
mhd4800a, 102252, 0.098366, 7.032488, 3.062347, 31
mhd4800a, 102252, 0.098366, 7.175397, 3.021168, 32
mhd4800a, 102252, 0.098366, 7.066281, 2.990224, 33
mhd4800a, 102252, 0.098366, 6.037258, 2.525945, 34
mhd4800a, 102252, 0.098366, 5.884353, 2.529767, 35
mhd4800a, 102252, 0.098366, 6.829066, 2.752401, 36
mhd4800a, 102252, 0.098366, 5.829048, 2.319546, 37
mhd4800a, 102252, 0.098366, 6.800125, 2.594280, 38
mhd4800a, 102252, 0.098366, 5.936995, 2.500439, 39
mhd4800a, 102252, 0.098366, 6.616823, 2.486755, 40
cop20k_A, 2624331, 4.597355, 0.999914, 0.587508, 1
cop20k_A, 2624331, 4.597355, 1.925189, 1.071716, 2
cop20k_A, 2624331, 4.597355, 2.878030, 1.155532, 3
cop20k_A, 2624331, 4.597355, 3.691183, 1.148491, 4
cop20k_A, 2624331, 4.597355, 4.072062, 1.184870, 5
cop20k_A, 2624331, 4.597355, 5.245711, 1.159320, 6
cop20k_A, 2624331, 4.597355, 5.848420, 1.315935, 7
cop20k_A, 2624331, 4.597355, 6.881497, 1.668739, 8
cop20k_A, 2624331, 4.597355, 7.985398, 1.726391, 9
cop20k_A, 2624331, 4.597355, 8.799946, 1.953046, 10
cop20k_A, 2624331, 4.597355, 9.114463, 2.078985, 11
cop20k_A, 2624331, 4.597355, 9.552074, 2.217197, 12
cop20k_A, 2624331, 4.597355, 11.325463, 2.461638, 13
cop20k_A, 2624331, 4.597355, 11.215074, 2.610005, 14
cop20k_A, 2624331, 4.597355, 11.919569, 2.773856, 15
cop20k_A, 2624331, 4.597355, 11.990724, 2.945133, 16
cop20k_A, 2624331, 4.597355, 9.279476, 2.644156, 17
cop20k_A, 2624331, 4.597355, 9.671313, 2.688018, 18
cop20k_A, 2624331, 4.597355, 10.521436, 2.807687, 19
cop20k_A, 2624331, 4.597355, 10.839472, 2.900971, 20
cop20k_A, 2624331, 4.597355, 10.285157, 2.958416, 21
cop20k_A, 2624331, 4.597355, 10.066221, 2.948392, 22
cop20k_A, 2624331, 4.597355, 10.791956, 3.014728, 23
cop20k_A, 2624331, 4.597355, 11.007805, 3.061136, 24
cop20k_A, 2624331, 4.597355, 10.806876, 3.144726, 25
cop20k_A, 2624331, 4.597355, 10.954345, 3.779967, 26
cop20k_A, 2624331, 4.597355, 11.573012, 3.674252, 27
cop20k_A, 2624331, 4.597355, 11.954747, 3.579285, 28
cop20k_A, 2624331, 4.597355, 12.334826, 3.668105, 29
cop20k_A, 2624331, 4.597355, 12.602224, 3.751595, 30
cop20k_A, 2624331, 4.597355, 13.352739, 4.085609, 31
cop20k_A, 2624331, 4.597355, 13.846651, 3.993467, 32
cop20k_A, 2624331, 4.597355, 13.651832, 4.253783, 33
cop20k_A, 2624331, 4.597355, 15.397135, 4.281441, 34
cop20k_A, 2624331, 4.597355, 15.284847, 4.274354, 35
cop20k_A, 2624331, 4.597355, 14.753170, 4.408686, 36
cop20k_A, 2624331, 4.597355, 17.382530, 4.393350, 37
cop20k_A, 2624331, 4.597355, 16.576727, 4.627466, 38
cop20k_A, 2624331, 4.597355, 19.905544, 4.338497, 39
cop20k_A, 2624331, 4.597355, 7.092614, 3.993869, 40
raefsky2, 294276, 0.344327, 1.018209, 0.693393, 1
raefsky2, 294276, 0.344327, 2.031097, 1.361094, 2
raefsky2, 294276, 0.344327, 2.866538, 2.067747, 3
raefsky2, 294276, 0.344327, 3.646445, 2.856508, 4
raefsky2, 294276, 0.344327, 4.591704, 3.408844, 5
raefsky2, 294276, 0.344327, 5.364691, 3.942209, 6
raefsky2, 294276, 0.344327, 6.170951, 4.552824, 7
raefsky2, 294276, 0.344327, 6.855005, 4.877006, 8
raefsky2, 294276, 0.344327, 7.585247, 5.382553, 9
raefsky2, 294276, 0.344327, 8.371409, 5.981749, 10
raefsky2, 294276, 0.344327, 8.517416, 6.268963, 11
raefsky2, 294276, 0.344327, 9.244436, 6.480858, 12
raefsky2, 294276, 0.344327, 9.938663, 6.986486, 13
raefsky2, 294276, 0.344327, 10.340895, 7.255757, 14
raefsky2, 294276, 0.344327, 10.942830, 7.584294, 15
raefsky2, 294276, 0.344327, 11.517238, 7.805734, 16
raefsky2, 294276, 0.344327, 10.580195, 7.625171, 17
raefsky2, 294276, 0.344327, 12.040315, 7.969448, 18
raefsky2, 294276, 0.344327, 12.627672, 7.938697, 19
raefsky2, 294276, 0.344327, 12.393846, 8.376866, 20
raefsky2, 294276, 0.344327, 12.439989, 7.906792, 21
raefsky2, 294276, 0.344327, 12.698617, 7.741602, 22
raefsky2, 294276, 0.344327, 12.731392, 7.723929, 23
raefsky2, 294276, 0.344327, 12.414769, 7.434354, 24
raefsky2, 294276, 0.344327, 13.008987, 7.542372, 25
raefsky2, 294276, 0.344327, 12.513599, 7.361543, 26
raefsky2, 294276, 0.344327, 12.789449, 7.289810, 27
raefsky2, 294276, 0.344327, 12.939442, 7.536637, 28
raefsky2, 294276, 0.344327, 14.270640, 7.759544, 29
raefsky2, 294276, 0.344327, 13.400545, 7.617013, 30
raefsky2, 294276, 0.344327, 13.640127, 7.530481, 31
raefsky2, 294276, 0.344327, 13.302200, 7.615056, 32
raefsky2, 294276, 0.344327, 13.619576, 7.630486, 33
raefsky2, 294276, 0.344327, 15.317782, 7.849752, 34
raefsky2, 294276, 0.344327, 14.395998, 7.754100, 35
raefsky2, 294276, 0.344327, 13.318061, 7.408229, 36
raefsky2, 294276, 0.344327, 15.257791, 7.781604, 37
raefsky2, 294276, 0.344327, 13.475408, 7.562296, 38
raefsky2, 294276, 0.344327, 13.511283, 7.458334, 39
raefsky2, 294276, 0.344327, 14.071416, 7.596422, 40
af23560, 484256, 0.450708, 1.031096, 0.624599, 1
af23560, 484256, 0.450708, 2.097403, 1.231342, 2
af23560, 484256, 0.450708, 2.973737, 1.860860, 3
af23560, 484256, 0.450708, 3.800575, 2.464341, 4
af23560, 484256, 0.450708, 4.232396, 3.105313, 5
af23560, 484256, 0.450708, 5.031661, 3.752566, 6
af23560, 484256, 0.450708, 5.792056, 4.274393, 7
af23560, 484256, 0.450708, 6.513911, 4.723770, 8
af23560, 484256, 0.450708, 7.295766, 5.408847, 9
af23560, 484256, 0.450708, 8.061026, 5.732712, 10
af23560, 484256, 0.450708, 8.416749, 6.137238, 11
af23560, 484256, 0.450708, 9.506274, 6.602402, 12
af23560, 484256, 0.450708, 10.140501, 6.691729, 13
af23560, 484256, 0.450708, 10.077611, 6.946432, 14
af23560, 484256, 0.450708, 10.901476, 7.370634, 15
af23560, 484256, 0.450708, 11.520201, 7.421760, 16
af23560, 484256, 0.450708, 13.302286, 7.917373, 17
af23560, 484256, 0.450708, 13.648936, 7.863786, 18
af23560, 484256, 0.450708, 12.694432, 7.460863, 19
af23560, 484256, 0.450708, 13.431281, 8.133060, 20
af23560, 484256, 0.450708, 11.446278, 7.917454, 21
af23560, 484256, 0.450708, 11.701009, 7.881116, 22
af23560, 484256, 0.450708, 11.801240, 7.227374, 23
af23560, 484256, 0.450708, 12.346616, 7.992358, 24
af23560, 484256, 0.450708, 12.253882, 7.084034, 25
af23560, 484256, 0.450708, 13.071773, 7.345139, 26
af23560, 484256, 0.450708, 12.687626, 7.947910, 27
af23560, 484256, 0.450708, 12.237924, 7.073633, 28
af23560, 484256, 0.450708, 12.569120, 7.077619, 29
af23560, 484256, 0.450708, 13.230878, 7.791315, 30
af23560, 484256, 0.450708, 13.375884, 7.601621, 31
af23560, 484256, 0.450708, 13.403140, 7.655181, 32
af23560, 484256, 0.450708, 13.641059, 7.616318, 33
af23560, 484256, 0.450708, 14.176956, 7.201897, 34
af23560, 484256, 0.450708, 13.502568, 6.707801, 35
af23560, 484256, 0.450708, 13.635908, 7.176449, 36
af23560, 484256, 0.450708, 13.885644, 6.252484, 37
af23560, 484256, 0.450708, 15.049047, 7.182486, 38
af23560, 484256, 0.450708, 15.073797, 7.093070, 39
af23560, 484256, 0.450708, 14.525749, 6.161989, 40
lung2, 492564, 0.490661, 0.999538, 0.382217, 1
lung2, 492564, 0.490661, 1.993429, 0.795631, 2
lung2, 492564, 0.490661, 2.887959, 1.154546, 3
lung2, 492564, 0.490661, 3.693369, 1.512054, 4
lung2, 492564, 0.490661, 4.688273, 1.806523, 5
lung2, 492564, 0.490661, 5.475965, 2.182667, 6
lung2, 492564, 0.490661, 6.379785, 2.476400, 7
lung2, 492564, 0.490661, 7.181162, 2.819948, 8
lung2, 492564, 0.490661, 7.990543, 3.079416, 9
lung2, 492564, 0.490661, 8.585005, 3.328192, 10
lung2, 492564, 0.490661, 9.774662, 3.630314, 11
lung2, 492564, 0.490661, 9.870378, 3.718109, 12
lung2, 492564, 0.490661, 10.364473, 3.969059, 13
lung2, 492564, 0.490661, 11.353892, 4.236481, 14
lung2, 492564, 0.490661, 11.962408, 4.484239, 15
lung2, 492564, 0.490661, 12.540439, 4.677166, 16
lung2, 492564, 0.490661, 12.707926, 4.651824, 17
lung2, 492564, 0.490661, 13.436195, 4.869941, 18
lung2, 492564, 0.490661, 12.965745, 4.738461, 19
lung2, 492564, 0.490661, 14.417679, 5.064294, 20
lung2, 492564, 0.490661, 9.878077, 4.693308, 21
lung2, 492564, 0.490661, 9.992395, 4.695522, 22
lung2, 492564, 0.490661, 10.206793, 4.816299, 23
lung2, 492564, 0.490661, 10.621155, 4.969894, 24
lung2, 492564, 0.490661, 11.005789, 5.055722, 25
lung2, 492564, 0.490661, 11.205831, 5.060198, 26
lung2, 492564, 0.490661, 11.562436, 5.215162, 27
lung2, 492564, 0.490661, 11.870592, 5.091266, 28
lung2, 492564, 0.490661, 11.521832, 4.804198, 29
lung2, 492564, 0.490661, 12.240285, 5.144357, 30
lung2, 492564, 0.490661, 11.222797, 4.685739, 31
lung2, 492564, 0.490661, 12.954268, 5.019036, 32
lung2, 492564, 0.490661, 13.186098, 5.064998, 33
lung2, 492564, 0.490661, 12.578298, 4.467736, 34
lung2, 492564, 0.490661, 12.854594, 4.569465, 35
lung2, 492564, 0.490661, 12.676485, 4.844210, 36
lung2, 492564, 0.490661, 14.129011, 4.794312, 37
lung2, 492564, 0.490661, 14.285435, 4.685472, 38
lung2, 492564, 0.490661, 12.339485, 4.581493, 39
lung2, 492564, 0.490661, 12.943916, 4.220003, 40
PR02R, 8185136, 9.667717, 0.997275, 0.403270, 1
PR02R, 8185136, 9.667717, 1.918709, 0.777130, 2
PR02R, 8185136, 9.667717, 2.772485, 0.994002, 3
PR02R, 8185136, 9.667717, 2.634077, 1.325651, 4
PR02R, 8185136, 9.667717, 3.520409, 1.617449, 5
PR02R, 8185136, 9.667717, 3.655333, 1.671487, 6
PR02R, 8185136, 9.667717, 3.693210, 1.844813, 7
PR02R, 8185136, 9.667717, 3.752436, 2.002168, 8
PR02R, 8185136, 9.667717, 4.651505, 2.028963, 9
PR02R, 8185136, 9.667717, 4.859460, 2.293569, 10
PR02R, 8185136, 9.667717, 5.192033, 2.120244, 11
PR02R, 8185136, 9.667717, 5.288147, 2.209820, 12
PR02R, 8185136, 9.667717, 5.348037, 2.293573, 13
PR02R, 8185136, 9.667717, 5.453948, 2.260563, 14
PR02R, 8185136, 9.667717, 5.720615, 2.352660, 15
PR02R, 8185136, 9.667717, 5.542816, 2.442771, 16
PR02R, 8185136, 9.667717, 5.748430, 2.376250, 17
PR02R, 8185136, 9.667717, 5.832745, 2.485957, 18
PR02R, 8185136, 9.667717, 5.039806, 2.183096, 19
PR02R, 8185136, 9.667717, 6.042882, 3.182176, 20
PR02R, 8185136, 9.667717, 6.159858, 3.133495, 21
PR02R, 8185136, 9.667717, 6.204465, 3.143196, 22
PR02R, 8185136, 9.667717, 6.304498, 3.201534, 23
PR02R, 8185136, 9.667717, 6.562425, 3.063522, 24
PR02R, 8185136, 9.667717, 6.447096, 3.131414, 25
PR02R, 8185136, 9.667717, 6.527396, 3.130827, 26
PR02R, 8185136, 9.667717, 7.210970, 3.180186, 27
PR02R, 8185136, 9.667717, 7.225017, 3.220031, 28
PR02R, 8185136, 9.667717, 7.157808, 3.253977, 29
PR02R, 8185136, 9.667717, 6.965256, 3.091189, 30
PR02R, 8185136, 9.667717, 6.746841, 3.265218, 31
PR02R, 8185136, 9.667717, 7.007529, 3.344952, 32
PR02R, 8185136, 9.667717, 7.171907, 3.338348, 33
PR02R, 8185136, 9.667717, 7.276033, 3.395741, 34
PR02R, 8185136, 9.667717, 7.052213, 3.452881, 35
PR02R, 8185136, 9.667717, 7.209582, 3.443829, 36
PR02R, 8185136, 9.667717, 7.161281, 3.490024, 37
PR02R, 8185136, 9.667717, 7.088463, 3.434407, 38
PR02R, 8185136, 9.667717, 7.066118, 3.439457, 39
PR02R, 8185136, 9.667717, 7.183178, 3.449905, 40
FEM_3D_thermal1, 430740, 0.397365, 0.964392, 0.587977, 1
FEM_3D_thermal1, 430740, 0.397365, 2.012716, 1.104301, 2
FEM_3D_thermal1, 430740, 0.397365, 2.762080, 1.672175, 3
FEM_3D_thermal1, 430740, 0.397365, 3.609293, 2.309663, 4
FEM_3D_thermal1, 430740, 0.397365, 4.474815, 2.803912, 5
FEM_3D_thermal1, 430740, 0.397365, 5.332508, 3.416745, 6
FEM_3D_thermal1, 430740, 0.397365, 6.174282, 3.870729, 7
FEM_3D_thermal1, 430740, 0.397365, 6.764312, 4.230408, 8
FEM_3D_thermal1, 430740, 0.397365, 7.574502, 4.732526, 9
FEM_3D_thermal1, 430740, 0.397365, 8.092407, 5.020526, 10
FEM_3D_thermal1, 430740, 0.397365, 8.704970, 5.443103, 11
FEM_3D_thermal1, 430740, 0.397365, 9.331330, 5.706912, 12
FEM_3D_thermal1, 430740, 0.397365, 9.872971, 6.104480, 13
FEM_3D_thermal1, 430740, 0.397365, 10.608847, 6.196192, 14
FEM_3D_thermal1, 430740, 0.397365, 11.088938, 6.139544, 15
FEM_3D_thermal1, 430740, 0.397365, 11.345048, 6.567611, 16
FEM_3D_thermal1, 430740, 0.397365, 12.227364, 6.568053, 17
FEM_3D_thermal1, 430740, 0.397365, 12.177225, 6.457413, 18
FEM_3D_thermal1, 430740, 0.397365, 12.054012, 6.620832, 19
FEM_3D_thermal1, 430740, 0.397365, 12.747434, 6.823216, 20
FEM_3D_thermal1, 430740, 0.397365, 10.806802, 6.692626, 21
FEM_3D_thermal1, 430740, 0.397365, 11.111232, 6.751065, 22
FEM_3D_thermal1, 430740, 0.397365, 10.894155, 6.712531, 23
FEM_3D_thermal1, 430740, 0.397365, 11.443345, 6.513547, 24
FEM_3D_thermal1, 430740, 0.397365, 11.900392, 7.421121, 25
FEM_3D_thermal1, 430740, 0.397365, 11.655016, 6.531010, 26
FEM_3D_thermal1, 430740, 0.397365, 11.522357, 6.396765, 27
FEM_3D_thermal1, 430740, 0.397365, 12.545306, 6.939124, 28
FEM_3D_thermal1, 430740, 0.397365, 12.785480, 7.027249, 29
FEM_3D_thermal1, 430740, 0.397365, 12.197119, 6.409495, 30
FEM_3D_thermal1, 430740, 0.397365, 12.673193, 6.265491, 31
FEM_3D_thermal1, 430740, 0.397365, 12.710929, 6.318282, 32
FEM_3D_thermal1, 430740, 0.397365, 12.644003, 6.234139, 33
FEM_3D_thermal1, 430740, 0.397365, 13.095089, 6.344865, 34
FEM_3D_thermal1, 430740, 0.397365, 13.695673, 6.652558, 35
FEM_3D_thermal1, 430740, 0.397365, 13.186330, 5.976845, 36
FEM_3D_thermal1, 430740, 0.397365, 13.430995, 6.668698, 37
FEM_3D_thermal1, 430740, 0.397365, 13.677080, 5.759091, 38
FEM_3D_thermal1, 430740, 0.397365, 13.166676, 5.337469, 39
FEM_3D_thermal1, 430740, 0.397365, 15.002505, 6.055233, 40
thermal1, 574458, 0.723286, 0.987342, 0.537149, 1
thermal1, 574458, 0.723286, 1.835415, 1.044388, 2
thermal1, 574458, 0.723286, 2.741328, 1.517731, 3
thermal1, 574458, 0.723286, 3.491390, 1.993708, 4
thermal1, 574458, 0.723286, 4.166800, 2.444363, 5
thermal1, 574458, 0.723286, 5.083404, 2.853487, 6
thermal1, 574458, 0.723286, 5.352612, 3.342553, 7
thermal1, 574458, 0.723286, 6.742330, 3.799078, 8
thermal1, 574458, 0.723286, 7.377146, 4.257968, 9
thermal1, 574458, 0.723286, 8.227606, 4.647700, 10
thermal1, 574458, 0.723286, 9.020414, 4.880812, 11
thermal1, 574458, 0.723286, 9.035410, 5.272098, 12
thermal1, 574458, 0.723286, 9.890738, 5.523991, 13
thermal1, 574458, 0.723286, 10.847902, 5.826708, 14
thermal1, 574458, 0.723286, 11.822137, 6.352838, 15
thermal1, 574458, 0.723286, 12.727839, 6.593241, 16
thermal1, 574458, 0.723286, 12.716950, 6.626221, 17
thermal1, 574458, 0.723286, 13.597517, 6.897501, 18
thermal1, 574458, 0.723286, 14.030639, 7.087278, 19
thermal1, 574458, 0.723286, 14.750008, 6.998338, 20
thermal1, 574458, 0.723286, 9.197487, 6.657823, 21
thermal1, 574458, 0.723286, 9.093191, 6.760482, 22
thermal1, 574458, 0.723286, 9.792325, 6.949902, 23
thermal1, 574458, 0.723286, 10.175031, 7.298712, 24
thermal1, 574458, 0.723286, 10.633311, 6.985429, 25
thermal1, 574458, 0.723286, 10.963205, 7.448636, 26
thermal1, 574458, 0.723286, 11.048562, 7.476964, 27
thermal1, 574458, 0.723286, 11.768492, 6.862081, 28
thermal1, 574458, 0.723286, 12.097814, 6.962433, 29
thermal1, 574458, 0.723286, 12.087783, 7.457561, 30
thermal1, 574458, 0.723286, 12.676292, 7.408651, 31
thermal1, 574458, 0.723286, 12.822144, 7.400832, 32
thermal1, 574458, 0.723286, 13.672445, 7.396168, 33
thermal1, 574458, 0.723286, 14.530997, 7.225083, 34
thermal1, 574458, 0.723286, 14.559894, 6.648666, 35
thermal1, 574458, 0.723286, 15.021583, 7.180491, 36
thermal1, 574458, 0.723286, 14.829326, 6.816075, 37
thermal1, 574458, 0.723286, 15.526784, 7.074945, 38
thermal1, 574458, 0.723286, 15.881471, 7.248738, 39
thermal1, 574458, 0.723286, 15.852053, 6.495097, 40
thermal2, 8580313, 15.236695, 0.999567, 0.515528, 1
thermal2, 8580313, 15.236695, 1.833856, 0.961299, 2
thermal2, 8580313, 15.236695, 2.663355, 1.250126, 3
thermal2, 8580313, 15.236695, 3.363159, 1.593773, 4
thermal2, 8580313, 15.236695, 3.820247, 1.985026, 5
thermal2, 8580313, 15.236695, 4.490272, 2.228070, 6
thermal2, 8580313, 15.236695, 4.858204, 2.438894, 7
thermal2, 8580313, 15.236695, 4.986995, 2.627506, 8
thermal2, 8580313, 15.236695, 4.822517, 2.810913, 9
thermal2, 8580313, 15.236695, 4.950931, 3.014983, 10
thermal2, 8580313, 15.236695, 4.910659, 2.938546, 11
thermal2, 8580313, 15.236695, 4.936215, 2.987847, 12
thermal2, 8580313, 15.236695, 4.945456, 2.857076, 13
thermal2, 8580313, 15.236695, 5.036050, 3.671683, 14
thermal2, 8580313, 15.236695, 6.270157, 3.859055, 15
thermal2, 8580313, 15.236695, 5.943265, 3.899597, 16
thermal2, 8580313, 15.236695, 6.062274, 3.805283, 17
thermal2, 8580313, 15.236695, 5.794989, 4.049251, 18
thermal2, 8580313, 15.236695, 4.856579, 3.941350, 19
thermal2, 8580313, 15.236695, 4.900185, 3.910032, 20
thermal2, 8580313, 15.236695, 4.352806, 3.845200, 21
thermal2, 8580313, 15.236695, 4.403890, 3.894732, 22
thermal2, 8580313, 15.236695, 4.388835, 3.687390, 23
thermal2, 8580313, 15.236695, 5.340238, 3.795314, 24
thermal2, 8580313, 15.236695, 5.607994, 3.781101, 25
thermal2, 8580313, 15.236695, 5.734979, 3.767172, 26
thermal2, 8580313, 15.236695, 4.953560, 3.895784, 27
thermal2, 8580313, 15.236695, 4.512073, 3.868679, 28
thermal2, 8580313, 15.236695, 4.556763, 3.859871, 29
thermal2, 8580313, 15.236695, 4.317896, 3.936485, 30
thermal2, 8580313, 15.236695, 4.261218, 3.933135, 31
thermal2, 8580313, 15.236695, 4.353375, 3.917646, 32
thermal2, 8580313, 15.236695, 4.337806, 4.044164, 33
thermal2, 8580313, 15.236695, 4.878920, 4.093927, 34
thermal2, 8580313, 15.236695, 4.894472, 4.007344, 35
thermal2, 8580313, 15.236695, 4.658002, 4.185531, 36
thermal2, 8580313, 15.236695, 4.611050, 4.089892, 37
thermal2, 8580313, 15.236695, 4.636603, 4.150392, 38
thermal2, 8580313, 15.236695, 4.536041, 4.202813, 39
thermal2, 8580313, 15.236695, 4.771520, 4.131154, 40
thermomech_TK, 711558, 1.086282, 0.915976, 0.563394, 1
thermomech_TK, 711558, 1.086282, 1.826911, 1.152996, 2
thermomech_TK, 711558, 1.086282, 2.788488, 1.763323, 3
thermomech_TK, 711558, 1.086282, 3.714492, 2.430944, 4
thermomech_TK, 711558, 1.086282, 4.738345, 2.965650, 5
thermomech_TK, 711558, 1.086282, 5.360471, 3.513617, 6
thermomech_TK, 711558, 1.086282, 6.182555, 4.009231, 7
thermomech_TK, 711558, 1.086282, 6.856822, 4.519446, 8
thermomech_TK, 711558, 1.086282, 7.903747, 4.817908, 9
thermomech_TK, 711558, 1.086282, 8.490915, 5.446541, 10
thermomech_TK, 711558, 1.086282, 9.613829, 5.934769, 11
thermomech_TK, 711558, 1.086282, 10.486388, 6.333543, 12
thermomech_TK, 711558, 1.086282, 10.065567, 6.603868, 13
thermomech_TK, 711558, 1.086282, 11.937619, 7.158397, 14
thermomech_TK, 711558, 1.086282, 12.192100, 7.306595, 15
thermomech_TK, 711558, 1.086282, 13.477460, 7.712670, 16
thermomech_TK, 711558, 1.086282, 14.205620, 8.078135, 17
thermomech_TK, 711558, 1.086282, 14.413811, 8.204614, 18
thermomech_TK, 711558, 1.086282, 15.179735, 8.476317, 19
thermomech_TK, 711558, 1.086282, 15.790360, 8.826439, 20
thermomech_TK, 711558, 1.086282, 9.476698, 7.430011, 21
thermomech_TK, 711558, 1.086282, 9.802799, 7.476820, 22
thermomech_TK, 711558, 1.086282, 9.996853, 7.684664, 23
thermomech_TK, 711558, 1.086282, 10.833766, 7.972549, 24
thermomech_TK, 711558, 1.086282, 11.317150, 8.146456, 25
thermomech_TK, 711558, 1.086282, 11.044417, 8.144017, 26
thermomech_TK, 711558, 1.086282, 11.839778, 8.361438, 27
thermomech_TK, 711558, 1.086282, 12.649498, 8.576599, 28
thermomech_TK, 711558, 1.086282, 13.028183, 8.420171, 29
thermomech_TK, 711558, 1.086282, 13.435288, 8.574674, 30
thermomech_TK, 711558, 1.086282, 13.726555, 8.601900, 31
thermomech_TK, 711558, 1.086282, 13.634002, 8.733973, 32
thermomech_TK, 711558, 1.086282, 14.536390, 8.606159, 33
thermomech_TK, 711558, 1.086282, 14.879476, 8.107872, 34
thermomech_TK, 711558, 1.086282, 15.356612, 8.046331, 35
thermomech_TK, 711558, 1.086282, 15.891415, 8.362186, 36
thermomech_TK, 711558, 1.086282, 15.400658, 7.986482, 37
thermomech_TK, 711558, 1.086282, 15.806077, 8.405160, 38
thermomech_TK, 711558, 1.086282, 16.093739, 8.368391, 39
thermomech_TK, 711558, 1.086282, 16.733285, 8.214001, 40
nlpkkt80, 28704672, 31.794736, 0.988748, 0.493941, 1
nlpkkt80, 28704672, 31.794736, 1.885937, 0.935967, 2
nlpkkt80, 28704672, 31.794736, 2.583420, 1.071250, 3
nlpkkt80, 28704672, 31.794736, 2.509916, 1.415463, 4
nlpkkt80, 28704672, 31.794736, 2.694111, 1.565000, 5
nlpkkt80, 28704672, 31.794736, 3.181327, 1.707015, 6
nlpkkt80, 28704672, 31.794736, 3.923898, 1.810123, 7
nlpkkt80, 28704672, 31.794736, 4.096212, 1.869428, 8
nlpkkt80, 28704672, 31.794736, 4.863309, 1.966618, 9
nlpkkt80, 28704672, 31.794736, 5.041168, 2.029109, 10
nlpkkt80, 28704672, 31.794736, 5.098076, 2.025635, 11
nlpkkt80, 28704672, 31.794736, 5.231980, 2.083449, 12
nlpkkt80, 28704672, 31.794736, 5.278096, 2.210042, 13
nlpkkt80, 28704672, 31.794736, 5.367025, 2.125829, 14
nlpkkt80, 28704672, 31.794736, 5.464235, 2.051756, 15
nlpkkt80, 28704672, 31.794736, 5.433822, 2.092949, 16
nlpkkt80, 28704672, 31.794736, 5.448330, 2.062270, 17
nlpkkt80, 28704672, 31.794736, 5.418856, 2.109478, 18
nlpkkt80, 28704672, 31.794736, 5.277984, 2.142144, 19
nlpkkt80, 28704672, 31.794736, 4.325842, 2.101325, 20
nlpkkt80, 28704672, 31.794736, 4.316566, 2.026332, 21
nlpkkt80, 28704672, 31.794736, 4.436941, 2.065733, 22
nlpkkt80, 28704672, 31.794736, 4.605515, 2.047924, 23
nlpkkt80, 28704672, 31.794736, 4.700920, 2.019891, 24
nlpkkt80, 28704672, 31.794736, 4.721337, 2.096770, 25
nlpkkt80, 28704672, 31.794736, 4.826016, 1.980467, 26
nlpkkt80, 28704672, 31.794736, 5.042802, 2.030305, 27
nlpkkt80, 28704672, 31.794736, 5.140226, 2.015832, 28
nlpkkt80, 28704672, 31.794736, 5.132495, 2.011781, 29
nlpkkt80, 28704672, 31.794736, 5.215351, 2.019600, 30
nlpkkt80, 28704672, 31.794736, 5.200893, 2.011493, 31
nlpkkt80, 28704672, 31.794736, 5.255590, 2.048832, 32
nlpkkt80, 28704672, 31.794736, 4.927854, 2.128217, 33
nlpkkt80, 28704672, 31.794736, 4.952695, 2.084212, 34
nlpkkt80, 28704672, 31.794736, 4.892175, 2.058110, 35
nlpkkt80, 28704672, 31.794736, 4.275014, 2.085533, 36
nlpkkt80, 28704672, 31.794736, 4.246807, 2.077154, 37
nlpkkt80, 28704672, 31.794736, 4.172024, 2.136299, 38
nlpkkt80, 28704672, 31.794736, 4.248411, 2.108194, 39
nlpkkt80, 28704672, 31.794736, 4.202665, 1.984511, 40
webbase-1M, 3105536, 6.155651, 1.021129, 0.303399, 1
webbase-1M, 3105536, 6.155651, 1.818844, 0.464117, 2
webbase-1M, 3105536, 6.155651, 2.622253, 0.540425, 3
webbase-1M, 3105536, 6.155651, 3.228498, 0.543983, 4
webbase-1M, 3105536, 6.155651, 3.533138, 0.504817, 5
webbase-1M, 3105536, 6.155651, 3.930826, 0.561117, 6
webbase-1M, 3105536, 6.155651, 4.118528, 0.554684, 7
webbase-1M, 3105536, 6.155651, 4.031493, 0.566729, 8
webbase-1M, 3105536, 6.155651, 4.091508, 0.601144, 9
webbase-1M, 3105536, 6.155651, 4.256999, 0.663429, 10
webbase-1M, 3105536, 6.155651, 6.039682, 0.672943, 11
webbase-1M, 3105536, 6.155651, 6.229067, 0.701109, 12
webbase-1M, 3105536, 6.155651, 6.658832, 0.721932, 13
webbase-1M, 3105536, 6.155651, 6.527975, 0.720092, 14
webbase-1M, 3105536, 6.155651, 6.814825, 0.714199, 15
webbase-1M, 3105536, 6.155651, 7.205128, 0.752538, 16
webbase-1M, 3105536, 6.155651, 7.460483, 0.719496, 17
webbase-1M, 3105536, 6.155651, 7.639556, 0.731668, 18
webbase-1M, 3105536, 6.155651, 7.900498, 0.749751, 19
webbase-1M, 3105536, 6.155651, 8.065429, 0.665191, 20
webbase-1M, 3105536, 6.155651, 7.559829, 0.650574, 21
webbase-1M, 3105536, 6.155651, 7.716533, 0.707202, 22
webbase-1M, 3105536, 6.155651, 8.040915, 0.728726, 23
webbase-1M, 3105536, 6.155651, 8.445868, 0.737917, 24
webbase-1M, 3105536, 6.155651, 8.741601, 0.699651, 25
webbase-1M, 3105536, 6.155651, 8.521895, 0.705370, 26
webbase-1M, 3105536, 6.155651, 9.342051, 0.736967, 27
webbase-1M, 3105536, 6.155651, 9.569058, 0.698229, 28
webbase-1M, 3105536, 6.155651, 9.298849, 0.694329, 29
webbase-1M, 3105536, 6.155651, 9.886829, 0.749846, 30
webbase-1M, 3105536, 6.155651, 9.543020, 0.742596, 31
webbase-1M, 3105536, 6.155651, 9.558160, 0.697693, 32
webbase-1M, 3105536, 6.155651, 9.124073, 0.704930, 33
webbase-1M, 3105536, 6.155651, 8.801572, 0.753965, 34
webbase-1M, 3105536, 6.155651, 9.732186, 0.704052, 35
webbase-1M, 3105536, 6.155651, 8.916920, 0.730999, 36
webbase-1M, 3105536, 6.155651, 8.767724, 0.716383, 37
webbase-1M, 3105536, 6.155651, 8.794291, 0.730490, 38
webbase-1M, 3105536, 6.155651, 9.347060, 0.708574, 39
webbase-1M, 3105536, 6.155651, 9.750473, 0.537451, 40
dc1, 766396, 0.821672, 0.999776, 0.039798, 1
dc1, 766396, 0.821672, 1.777342, 0.042697, 2
dc1, 766396, 0.821672, 2.583293, 0.042032, 3
dc1, 766396, 0.821672, 3.245046, 0.045817, 4
dc1, 766396, 0.821672, 3.704340, 0.037616, 5
dc1, 766396, 0.821672, 4.841485, 0.042129, 6
dc1, 766396, 0.821672, 2.834448, 0.039967, 7
dc1, 766396, 0.821672, 3.133742, 0.037057, 8
dc1, 766396, 0.821672, 3.340275, 0.041125, 9
dc1, 766396, 0.821672, 5.047508, 0.036344, 10
dc1, 766396, 0.821672, 4.883548, 0.035823, 11
dc1, 766396, 0.821672, 4.809151, 0.035758, 12
dc1, 766396, 0.821672, 4.944141, 0.037473, 13
dc1, 766396, 0.821672, 3.521765, 0.033993, 14
dc1, 766396, 0.821672, 5.018568, 0.035265, 15
dc1, 766396, 0.821672, 5.025983, 0.038012, 16
dc1, 766396, 0.821672, 5.021999, 0.036688, 17
dc1, 766396, 0.821672, 5.035888, 0.039132, 18
dc1, 766396, 0.821672, 4.923173, 0.034777, 19
dc1, 766396, 0.821672, 5.011110, 0.037609, 20
dc1, 766396, 0.821672, 5.028189, 0.038282, 21
dc1, 766396, 0.821672, 4.995928, 0.036229, 22
dc1, 766396, 0.821672, 4.991594, 0.036813, 23
dc1, 766396, 0.821672, 5.015853, 0.037820, 24
dc1, 766396, 0.821672, 5.002431, 0.035749, 25
dc1, 766396, 0.821672, 4.706269, 0.036217, 26
dc1, 766396, 0.821672, 4.564562, 0.038109, 27
dc1, 766396, 0.821672, 4.561874, 0.034538, 28
dc1, 766396, 0.821672, 4.557993, 0.037448, 29
dc1, 766396, 0.821672, 4.524689, 0.036520, 30
dc1, 766396, 0.821672, 4.551000, 0.035697, 31
dc1, 766396, 0.821672, 4.548999, 0.032638, 32
dc1, 766396, 0.821672, 4.544428, 0.034562, 33
dc1, 766396, 0.821672, 4.507961, 0.036440, 34
dc1, 766396, 0.821672, 4.501187, 0.035305, 35
dc1, 766396, 0.821672, 4.572750, 0.035075, 36
dc1, 766396, 0.821672, 4.518606, 0.033578, 37
dc1, 766396, 0.821672, 4.503943, 0.034592, 38
dc1, 766396, 0.821672, 4.528430, 0.034547, 39
dc1, 766396, 0.821672, 4.541591, 0.033401, 40
amazon0302, 1234877, 3.000244, 1.005484, 0.785761, 1
amazon0302, 1234877, 3.000244, 1.693414, 1.535080, 2
amazon0302, 1234877, 3.000244, 3.332539, 2.239129, 3
amazon0302, 1234877, 3.000244, 4.558218, 3.010762, 4
amazon0302, 1234877, 3.000244, 4.981290, 3.727365, 5
amazon0302, 1234877, 3.000244, 6.349641, 4.569280, 6
amazon0302, 1234877, 3.000244, 6.892216, 5.236909, 7
amazon0302, 1234877, 3.000244, 8.627219, 6.114012, 8
amazon0302, 1234877, 3.000244, 9.403060, 6.585123, 9
amazon0302, 1234877, 3.000244, 10.221706, 7.272161, 10
amazon0302, 1234877, 3.000244, 11.298580, 7.871499, 11
amazon0302, 1234877, 3.000244, 12.564329, 8.204386, 12
amazon0302, 1234877, 3.000244, 13.096181, 8.971252, 13
amazon0302, 1234877, 3.000244, 13.851225, 8.674959, 14
amazon0302, 1234877, 3.000244, 15.086237, 9.549976, 15
amazon0302, 1234877, 3.000244, 16.393785, 9.057897, 16
amazon0302, 1234877, 3.000244, 17.220847, 9.916641, 17
amazon0302, 1234877, 3.000244, 17.771135, 9.691930, 18
amazon0302, 1234877, 3.000244, 18.930244, 9.692062, 19
amazon0302, 1234877, 3.000244, 19.163934, 9.960016, 20
amazon0302, 1234877, 3.000244, 14.540367, 9.473227, 21
amazon0302, 1234877, 3.000244, 12.871118, 9.228514, 22
amazon0302, 1234877, 3.000244, 13.422242, 9.027090, 23
amazon0302, 1234877, 3.000244, 14.025371, 8.877962, 24
amazon0302, 1234877, 3.000244, 14.530767, 9.169281, 25
amazon0302, 1234877, 3.000244, 14.947784, 8.995748, 26
amazon0302, 1234877, 3.000244, 15.657558, 8.928988, 27
amazon0302, 1234877, 3.000244, 15.767797, 9.358238, 28
amazon0302, 1234877, 3.000244, 16.606731, 9.449314, 29
amazon0302, 1234877, 3.000244, 16.543367, 8.829624, 30
amazon0302, 1234877, 3.000244, 17.283993, 9.294037, 31
amazon0302, 1234877, 3.000244, 17.625068, 9.383592, 32
amazon0302, 1234877, 3.000244, 18.054821, 9.308012, 33
amazon0302, 1234877, 3.000244, 18.375379, 9.598531, 34
amazon0302, 1234877, 3.000244, 18.512279, 9.683368, 35
amazon0302, 1234877, 3.000244, 19.078933, 9.505357, 36
amazon0302, 1234877, 3.000244, 19.657195, 9.946603, 37
amazon0302, 1234877, 3.000244, 19.727195, 6.723542, 38
amazon0302, 1234877, 3.000244, 19.922911, 12.253970, 39
amazon0302, 1234877, 3.000244, 20.238967, 4.409586, 40
af_1_k101, 17550675, 20.929765, 1.011764, 0.511769, 1
af_1_k101, 17550675, 20.929765, 1.952707, 0.992369, 2
af_1_k101, 17550675, 20.929765, 2.570791, 1.141516, 3
af_1_k101, 17550675, 20.929765, 2.766690, 1.520473, 4
af_1_k101, 17550675, 20.929765, 3.100998, 1.723722, 5
af_1_k101, 17550675, 20.929765, 3.227880, 1.890865, 6
af_1_k101, 17550675, 20.929765, 3.369316, 1.990855, 7
af_1_k101, 17550675, 20.929765, 3.471011, 2.051800, 8
af_1_k101, 17550675, 20.929765, 3.470123, 2.222286, 9
af_1_k101, 17550675, 20.929765, 5.346464, 2.223122, 10
af_1_k101, 17550675, 20.929765, 5.180167, 2.309133, 11
af_1_k101, 17550675, 20.929765, 5.307998, 2.309863, 12
af_1_k101, 17550675, 20.929765, 5.397697, 2.342767, 13
af_1_k101, 17550675, 20.929765, 5.363832, 2.475520, 14
af_1_k101, 17550675, 20.929765, 5.659159, 2.530827, 15
af_1_k101, 17550675, 20.929765, 5.621935, 2.565293, 16
af_1_k101, 17550675, 20.929765, 5.531647, 2.492638, 17
af_1_k101, 17550675, 20.929765, 5.188507, 2.570309, 18
af_1_k101, 17550675, 20.929765, 5.593311, 2.480403, 19
af_1_k101, 17550675, 20.929765, 4.950209, 2.401212, 20
af_1_k101, 17550675, 20.929765, 4.917150, 2.474838, 21
af_1_k101, 17550675, 20.929765, 5.090049, 2.431272, 22
af_1_k101, 17550675, 20.929765, 5.257927, 2.404863, 23
af_1_k101, 17550675, 20.929765, 5.342702, 2.420606, 24
af_1_k101, 17550675, 20.929765, 5.393240, 2.364530, 25
af_1_k101, 17550675, 20.929765, 5.286580, 2.358871, 26
af_1_k101, 17550675, 20.929765, 5.274881, 2.470827, 27
af_1_k101, 17550675, 20.929765, 5.436948, 2.362234, 28
af_1_k101, 17550675, 20.929765, 5.351343, 2.368889, 29
af_1_k101, 17550675, 20.929765, 5.403191, 2.359953, 30
af_1_k101, 17550675, 20.929765, 5.323062, 2.407832, 31
af_1_k101, 17550675, 20.929765, 5.371451, 2.437228, 32
af_1_k101, 17550675, 20.929765, 5.379434, 2.419423, 33
af_1_k101, 17550675, 20.929765, 5.377644, 2.439452, 34
af_1_k101, 17550675, 20.929765, 5.470676, 2.418158, 35
af_1_k101, 17550675, 20.929765, 5.484968, 2.450483, 36
af_1_k101, 17550675, 20.929765, 5.460424, 2.427089, 37
af_1_k101, 17550675, 20.929765, 5.375681, 2.429125, 38
af_1_k101, 17550675, 20.929765, 5.461365, 2.431804, 39
af_1_k101, 17550675, 20.929765, 5.447106, 2.433469, 40
roadNet-PA, 3083796, 9.474599, 1.079307, 0.623982, 1
roadNet-PA, 3083796, 9.474599, 2.066481, 1.208943, 2
roadNet-PA, 3083796, 9.474599, 3.180355, 1.625162, 3
roadNet-PA, 3083796, 9.474599, 4.133554, 2.046138, 4
roadNet-PA, 3083796, 9.474599, 4.673273, 2.082607, 5
roadNet-PA, 3083796, 9.474599, 6.072671, 3.014272, 6
roadNet-PA, 3083796, 9.474599, 7.108308, 3.439137, 7
roadNet-PA, 3083796, 9.474599, 7.698528, 3.890759, 8
roadNet-PA, 3083796, 9.474599, 8.608169, 4.276601, 9
roadNet-PA, 3083796, 9.474599, 8.554050, 4.592325, 10
roadNet-PA, 3083796, 9.474599, 9.537617, 4.914782, 11
roadNet-PA, 3083796, 9.474599, 9.510456, 5.056596, 12
roadNet-PA, 3083796, 9.474599, 10.269046, 5.341088, 13
roadNet-PA, 3083796, 9.474599, 10.383592, 5.482223, 14
roadNet-PA, 3083796, 9.474599, 11.236716, 5.665174, 15
roadNet-PA, 3083796, 9.474599, 11.288447, 5.805646, 16
roadNet-PA, 3083796, 9.474599, 11.859100, 5.809098, 17
roadNet-PA, 3083796, 9.474599, 9.994689, 5.626811, 18
roadNet-PA, 3083796, 9.474599, 9.821683, 5.457453, 19
roadNet-PA, 3083796, 9.474599, 9.695521, 5.366914, 20
roadNet-PA, 3083796, 9.474599, 10.841549, 5.322704, 21
roadNet-PA, 3083796, 9.474599, 11.089524, 5.373728, 22
roadNet-PA, 3083796, 9.474599, 11.486436, 5.501115, 23
roadNet-PA, 3083796, 9.474599, 11.936156, 5.422200, 24
roadNet-PA, 3083796, 9.474599, 12.470087, 5.548428, 25
roadNet-PA, 3083796, 9.474599, 12.840119, 4.471990, 26
roadNet-PA, 3083796, 9.474599, 13.063665, 4.697581, 27
roadNet-PA, 3083796, 9.474599, 13.920638, 4.689724, 28
roadNet-PA, 3083796, 9.474599, 13.400392, 4.571381, 29
roadNet-PA, 3083796, 9.474599, 13.103478, 4.766745, 30
roadNet-PA, 3083796, 9.474599, 11.852575, 4.889098, 31
roadNet-PA, 3083796, 9.474599, 12.933834, 4.804086, 32
roadNet-PA, 3083796, 9.474599, 13.527046, 4.984036, 33
roadNet-PA, 3083796, 9.474599, 13.844067, 5.084004, 34
roadNet-PA, 3083796, 9.474599, 13.576117, 4.893134, 35
roadNet-PA, 3083796, 9.474599, 13.450917, 5.106536, 36
roadNet-PA, 3083796, 9.474599, 13.173863, 5.053603, 37
roadNet-PA, 3083796, 9.474599, 12.773388, 5.126566, 38
roadNet-PA, 3083796, 9.474599, 13.374749, 5.141763, 39
roadNet-PA, 3083796, 9.474599, 13.193291, 5.032210, 40
